,,,
,,,
id,name,salary,address
1,name1,1234,ad1
2,name2,4567,ad2
3,name3,8910,ad1
4,name4,111213,ad2
5,name5,1235,ad2
6,name6,4568,ad3
7,name7,8911,ad2
8,name8,111214,ad3
9,name9,1236,ad3
10,name10,4569,ad4
11,name11,8912,ad3
12,name12,111215,ad4
13,name13,1237,ad4
14,name14,4570,ad5
15,name15,8913,ad4
16,name16,111216,ad5
17,name17,1238,ad5
18,name18,4571,ad6
19,name19,8914,ad5
20,name20,111217,ad6
21,name21,1239,ad6
22,name22,4572,ad7
23,name23,8915,ad6
24,name24,111218,ad7
25,name25,1240,ad7
26,name26,4573,ad8
27,name27,8916,ad7
28,name28,111219,ad8
29,name29,1241,ad8
30,name30,4574,ad9
31,name31,8917,ad8
